<!DOCTYPE suite SYSTEM "https://testng.org/testng-1.0.dtd">
<suite name="SauceDemo Automation Suite">
    <test name="All Tests">
        <parameter name="browser" value="chrome"/>
        <classes>
            <class name="Tests.LoginTest"/>
            <class name="Tests.ProductsTest"/>
            <class name="Tests.CartTest"/>
            <class name="Tests.CheckoutTest"/>
            <class name="Tests.NavigationTest"/>
            <class name="Tests.PerformanceTest"/>
            <class name="Tests.ResponsiveTest"/>
            <class name="Tests.ErrorTest"/>
            <class name="Tests.UITest"/>
        </classes>
    </test>
</suite>